velocity_ms,gamma
1000.000000000000,1.000000000006
5000.000000000000,1.000000000139
10000.000000000000,1.000000000556
