velocity_ms,gamma
3889.000000000000,1.000000000084
7660.000000000000,1.000000000326
299500200.000000000000,22.366272042129
